<?xml version="1.0" encoding="UTF-8"?><reportPackage xmlns="http://www.tivoli.ibm.com/reporting/tcr_bulk" xmlns:trd="http://www.tivoli.ibm.com/reporting/trd"><zipResourceDir><datastoreName>/itim_common</datastoreName><zipDirectory>itim_common</zipDirectory></zipResourceDir><design><designType>birt</designType><designRef>/itim/accesses.rptdesign</designRef><fileName>itim/accesses.rptdesign</fileName><resourceDir>/itim_common</resourceDir></design><design><designType>birt</designType><designRef>/itim/approvals_and_rejections.rptdesign</designRef><fileName>itim/approvals_and_rejections.rptdesign</fileName><resourceDir>/itim_common</resourceDir></design><design><designType>birt</designType><designRef>/itim/dormant_accounts.rptdesign</designRef><fileName>itim/dormant_accounts.rptdesign</fileName><resourceDir>/itim_common</resourceDir></design><design><designType>birt</designType><designRef>/itim/entitlements_granted_to_individual.rptdesign</designRef><fileName>itim/entitlements_granted_to_individual.rptdesign</fileName><resourceDir>/itim_common</resourceDir></design><design><designType>birt</designType><designRef>/itim/noncompliant_accounts.rptdesign</designRef><fileName>itim/noncompliant_accounts.rptdesign</fileName><resourceDir>/itim_common</resourceDir></design><design><designType>birt</designType><designRef>/itim/orphan_accounts.rptdesign</designRef><fileName>itim/orphan_accounts.rptdesign</fileName><resourceDir>/itim_common</resourceDir></design><design><designType>birt</designType><designRef>/itim/separation_of_duty_def_master.rptdesign</designRef><fileName>itim/separation_of_duty_def_master.rptdesign</fileName><resourceDir>/itim_common</resourceDir></design><design><designType>birt</designType><designRef>/itim/separation_of_duty_def_sub.rptdesign</designRef><fileName>itim/separation_of_duty_def_sub.rptdesign</fileName><resourceDir>/itim_common</resourceDir></design><design><designType>birt</designType><designRef>/itim/separation_of_duty_violation.rptdesign</designRef><fileName>itim/separation_of_duty_violation.rptdesign</fileName><resourceDir>/itim_common</resourceDir></design><design><designType>birt</designType><designRef>/itim/services.rptdesign</designRef><fileName>itim/services.rptdesign</fileName><resourceDir>/itim_common</resourceDir></design><design><designType>birt</designType><designRef>/itim/shared_access_entitlement_by_owner.rptdesign</designRef><fileName>itim/shared_access_entitlement_by_owner.rptdesign</fileName><resourceDir>/itim_common</resourceDir></design><design><designType>birt</designType><designRef>/itim/shared_access_entitlement_by_role_master.rptdesign</designRef><fileName>itim/shared_access_entitlement_by_role_master.rptdesign</fileName><resourceDir>/itim_common</resourceDir></design><design><designType>birt</designType><designRef>/itim/shared_access_entitlement_by_role_sub.rptdesign</designRef><fileName>itim/shared_access_entitlement_by_role_sub.rptdesign</fileName><resourceDir>/itim_common</resourceDir></design><design><designType>birt</designType><designRef>/itim/shared_access_history.rptdesign</designRef><fileName>itim/shared_access_history.rptdesign</fileName><resourceDir>/itim_common</resourceDir></design><design><designType>birt</designType><designRef>/itim/summary_of_accounts_on_a_service.rptdesign</designRef><fileName>itim/summary_of_accounts_on_a_service.rptdesign</fileName><resourceDir>/itim_common</resourceDir></design><design><designType>birt</designType><designRef>/itim/suspended_accounts.rptdesign</designRef><fileName>itim/suspended_accounts.rptdesign</fileName><resourceDir>/itim_common</resourceDir></design><design><designType>birt</designType><designRef>/itim/user_recertification_definition_master.rptdesign</designRef><fileName>itim/user_recertification_definition_master.rptdesign</fileName><resourceDir>/itim_common</resourceDir></design><design><designType>birt</designType><designRef>/itim/user_recertification_definition_sub.rptdesign</designRef><fileName>itim/user_recertification_definition_sub.rptdesign</fileName><resourceDir>/itim_common</resourceDir></design><design><designType>birt</designType><designRef>/itim/user_recertification_history.rptdesign</designRef><fileName>itim/user_recertification_history.rptdesign</fileName><resourceDir>/itim_common</resourceDir></design><reportSet><id>2</id><name>/TivoliProducts</name><displayName><trd:propertyKey>SET1NAME</trd:propertyKey><trd:translatedFile>ITIMLABELS</trd:translatedFile><trd:defaultString>Tivoli Products</trd:defaultString></displayName><description><trd:propertyKey>SET1DESC</trd:propertyKey><trd:translatedFile>ITIMLABELS</trd:translatedFile><trd:defaultString>Tivoli Products Report Set</trd:defaultString></description></reportSet><reportSet><id>3</id><name>/ITIM50ReportSet</name><displayName><trd:propertyKey>ITIMREPORTSET</trd:propertyKey><trd:translatedFile>ITIMLABELS</trd:translatedFile><trd:defaultString>Tivoli Identity Manager 5.0</trd:defaultString></displayName><description><trd:propertyKey>ITIMREPORTSETDESCRIPTION</trd:propertyKey><trd:translatedFile>ITIMLABELS</trd:translatedFile><trd:defaultString>Reports for Tivoli Identity Manager 5.0</trd:defaultString></description></reportSet><report><trd:id>11</trd:id><trd:name>/itim/5/user_recertification_history.rptdesign</trd:name><trd:designRef>/itim/user_recertification_history.rptdesign</trd:designRef><trd:displayName><trd:propertyKey>USERRECERTIFICATIONHISTORYREPORT</trd:propertyKey><trd:translatedFile>ITIMLABELS</trd:translatedFile><trd:defaultString>User Recertification History Report</trd:defaultString></trd:displayName><trd:description><trd:propertyKey>USERRECERTIFICATIONHISTORYREPORTDESCIPTION</trd:propertyKey><trd:translatedFile>ITIMLABELS</trd:translatedFile><trd:defaultString>A report that provides user recertification history details.</trd:defaultString></trd:description><trd:keywords><trd:term>History</trd:term><trd:term>User Recertification</trd:term></trd:keywords><trd:params/><trd:maxSavedSnapshots>-1</trd:maxSavedSnapshots><trd:maxDrillThroughLevels>-1</trd:maxDrillThroughLevels></report><report><trd:id>12</trd:id><trd:name>/itim/5/user_recertification_definition_master.rptdesign</trd:name><trd:designRef>/itim/user_recertification_definition_master.rptdesign</trd:designRef><trd:displayName><trd:propertyKey>USERRECERTIFICATIONDEFINITIONREPORT</trd:propertyKey><trd:translatedFile>ITIMLABELS</trd:translatedFile><trd:defaultString>User Recertification Policy Definition Report</trd:defaultString></trd:displayName><trd:description><trd:propertyKey>USERRECERTIFICATIONDEFINITIONREPORTDESCIPTION</trd:propertyKey><trd:translatedFile>ITIMLABELS</trd:translatedFile><trd:defaultString>A report that lists user recertification policies.</trd:defaultString></trd:description><trd:keywords><trd:term>User Recertification</trd:term><trd:term>definition</trd:term></trd:keywords><trd:params/><trd:maxSavedSnapshots>-1</trd:maxSavedSnapshots><trd:maxDrillThroughLevels>-1</trd:maxDrillThroughLevels></report><report><trd:id>13</trd:id><trd:name>/itim/5/separation_of_duty_violation.rptdesign</trd:name><trd:designRef>/itim/separation_of_duty_violation.rptdesign</trd:designRef><trd:displayName><trd:propertyKey>SODVIOLATIONREPORT</trd:propertyKey><trd:translatedFile>ITIMLABELS</trd:translatedFile><trd:defaultString>Separation of Duty Policy Violation Report</trd:defaultString></trd:displayName><trd:description><trd:propertyKey>SODVIOLATIONREPORTDESCRIPTION</trd:propertyKey><trd:translatedFile>ITIMLABELS</trd:translatedFile><trd:defaultString>A report that lists various separation of duty policy violations based on policy name, business unit annd rule.</trd:defaultString></trd:description><trd:keywords><trd:term>Separation of Duty Policy</trd:term><trd:term>exemption</trd:term><trd:term>violation</trd:term></trd:keywords><trd:params/><trd:maxSavedSnapshots>-1</trd:maxSavedSnapshots><trd:maxDrillThroughLevels>-1</trd:maxDrillThroughLevels></report><report><trd:id>14</trd:id><trd:name>/itim/5/shared_access_history.rptdesign</trd:name><trd:designRef>/itim/shared_access_history.rptdesign</trd:designRef><trd:displayName><trd:propertyKey>SHAREDACCESSHISTORYREPORT</trd:propertyKey><trd:translatedFile>ITIMLABELS</trd:translatedFile><trd:defaultString>Shared Access History Report</trd:defaultString></trd:displayName><trd:description><trd:propertyKey>SHAREDACCESSHISTORYREPORTDESCRIPTION</trd:propertyKey><trd:translatedFile>ITIMLABELS</trd:translatedFile><trd:defaultString>This is the shared access history report.</trd:defaultString></trd:description><trd:keywords><trd:term>Shared Access</trd:term><trd:term>Shared Access History</trd:term><trd:term>history</trd:term></trd:keywords><trd:params/><trd:maxSavedSnapshots>-1</trd:maxSavedSnapshots><trd:maxDrillThroughLevels>-1</trd:maxDrillThroughLevels></report><report><trd:id>15</trd:id><trd:name>/itim/5/shared_access_entitlement_by_role_master.rptdesign</trd:name><trd:designRef>/itim/shared_access_entitlement_by_role_master.rptdesign</trd:designRef><trd:displayName><trd:propertyKey>SHAREDACCESSENTITLEMENTBYROLEREPORT</trd:propertyKey><trd:translatedFile>ITIMLABELS</trd:translatedFile><trd:defaultString>Shared Access Entitlements by Role Report</trd:defaultString></trd:displayName><trd:description><trd:propertyKey>SHAREDACCESSENTITLEMENTBYROLEREPORTDESCRIPTION</trd:propertyKey><trd:translatedFile>ITIMLABELS</trd:translatedFile><trd:defaultString>A report that list shared access entitlements for roles based on business unit, role and shared access entitlement type.</trd:defaultString></trd:description><trd:keywords><trd:term>Shared Access Entitlements By Role</trd:term><trd:term>exemption</trd:term><trd:term>violation</trd:term></trd:keywords><trd:params/><trd:maxSavedSnapshots>-1</trd:maxSavedSnapshots><trd:maxDrillThroughLevels>-1</trd:maxDrillThroughLevels></report><report><trd:id>16</trd:id><trd:name>/itim/5/shared_access_entitlement_by_owner.rptdesign</trd:name><trd:designRef>/itim/shared_access_entitlement_by_owner.rptdesign</trd:designRef><trd:displayName><trd:propertyKey>SHAREDACCESSENTITLEMENTSBYOWNERREPORT</trd:propertyKey><trd:translatedFile>ITIMLABELS</trd:translatedFile><trd:defaultString>Shared Access Entitlements by Owner Report</trd:defaultString></trd:displayName><trd:description><trd:propertyKey>SHAREDACCESSENTITLEMENTSBYOWNERREPORTDESCRIPTION</trd:propertyKey><trd:translatedFile>ITIMLABELS</trd:translatedFile><trd:defaultString>A report that lists shared access entitlements by owners based on business unit, owner, service and service business unit.</trd:defaultString></trd:description><trd:keywords><trd:term>Shared Access Entitlement by Owner</trd:term><trd:term>exemption</trd:term><trd:term>violation</trd:term></trd:keywords><trd:params/><trd:maxSavedSnapshots>-1</trd:maxSavedSnapshots><trd:maxDrillThroughLevels>-1</trd:maxDrillThroughLevels></report><report><trd:id>1</trd:id><trd:name>/itim/5/accesses.rptdesign</trd:name><trd:designRef>/itim/accesses.rptdesign</trd:designRef><trd:displayName><trd:propertyKey>ACCESSESREPORT</trd:propertyKey><trd:translatedFile>ITIMLABELS</trd:translatedFile><trd:defaultString>Accesses Report</trd:defaultString></trd:displayName><trd:description><trd:propertyKey>ACCESSESREPORTDESCRIPTION</trd:propertyKey><trd:translatedFile>ITIMLABELS</trd:translatedFile><trd:defaultString>A report that lists all access entitlements defined in the system.</trd:defaultString></trd:description><trd:keywords><trd:term>access</trd:term><trd:term>email</trd:term><trd:term>group</trd:term><trd:term>shared folder</trd:term></trd:keywords><trd:params/><trd:maxSavedSnapshots>-1</trd:maxSavedSnapshots><trd:maxDrillThroughLevels>-1</trd:maxDrillThroughLevels></report><report><trd:id>2</trd:id><trd:name>/itim/5/approvals_and_rejections.rptdesign</trd:name><trd:designRef>/itim/approvals_and_rejections.rptdesign</trd:designRef><trd:displayName><trd:propertyKey>APPROVALSANDREJECTIONSREPORT</trd:propertyKey><trd:translatedFile>ITIMLABELS</trd:translatedFile><trd:defaultString>Approvals and Rejections Report</trd:defaultString></trd:displayName><trd:description><trd:propertyKey>APPROVALSANDREJECTIONSREPORTDESCRIPTION</trd:propertyKey><trd:translatedFile>ITIMLABELS</trd:translatedFile><trd:defaultString>A report that lists request approval activities that were approved or rejected.</trd:defaultString></trd:description><trd:keywords><trd:term>approval</trd:term><trd:term>rejection</trd:term><trd:term>request</trd:term><trd:term>workflow</trd:term></trd:keywords><trd:params/><trd:maxSavedSnapshots>-1</trd:maxSavedSnapshots><trd:maxDrillThroughLevels>-1</trd:maxDrillThroughLevels></report><report><trd:id>3</trd:id><trd:name>/itim/5/dormant_accounts.rptdesign</trd:name><trd:designRef>/itim/dormant_accounts.rptdesign</trd:designRef><trd:displayName><trd:propertyKey>DORMANTACCOUNTSREPORT</trd:propertyKey><trd:translatedFile>ITIMLABELS</trd:translatedFile><trd:defaultString>Dormant Accounts Report</trd:defaultString></trd:displayName><trd:description><trd:propertyKey>DORMANTACCOUNTSREPORTDESCRIPTION</trd:propertyKey><trd:translatedFile>ITIMLABELS</trd:translatedFile><trd:defaultString>A report that lists the accounts that have not been used recently.</trd:defaultString></trd:description><trd:keywords><trd:term>account</trd:term><trd:term>active</trd:term><trd:term>dormant</trd:term><trd:term>inactive</trd:term><trd:term>last access date</trd:term></trd:keywords><trd:params/><trd:maxSavedSnapshots>-1</trd:maxSavedSnapshots><trd:maxDrillThroughLevels>-1</trd:maxDrillThroughLevels></report><report><trd:id>4</trd:id><trd:name>/itim/5/entitlements_granted_to_individual.rptdesign</trd:name><trd:designRef>/itim/entitlements_granted_to_individual.rptdesign</trd:designRef><trd:displayName><trd:propertyKey>ENTITLEMENTSGRANTEDTOANINDIVIDUALREPORT</trd:propertyKey><trd:translatedFile>ITIMLABELS</trd:translatedFile><trd:defaultString>Entitlements Granted to an Individual Report</trd:defaultString></trd:displayName><trd:description><trd:propertyKey>ENTITLEMENTSGRANTEDTOANINDIVIDUALREPORTDESCRIPTION</trd:propertyKey><trd:translatedFile>ITIMLABELS</trd:translatedFile><trd:defaultString>A report that lists all users with the provisioning policies that they have been entitled.</trd:defaultString></trd:description><trd:keywords><trd:term>person</trd:term><trd:term>provisioning policy</trd:term><trd:term>service</trd:term><trd:term>user</trd:term></trd:keywords><trd:params/><trd:maxSavedSnapshots>-1</trd:maxSavedSnapshots><trd:maxDrillThroughLevels>-1</trd:maxDrillThroughLevels></report><report><trd:id>5</trd:id><trd:name>/itim/5/noncompliant_accounts.rptdesign</trd:name><trd:designRef>/itim/noncompliant_accounts.rptdesign</trd:designRef><trd:displayName><trd:propertyKey>NONCOMPLIANTACCOUNTSREPORT</trd:propertyKey><trd:translatedFile>ITIMLABELS</trd:translatedFile><trd:defaultString>Non-compliant Accounts Report</trd:defaultString></trd:displayName><trd:description><trd:propertyKey>NONCOMPLIANTACCOUNTSREPORTDESCRIPTION</trd:propertyKey><trd:translatedFile>ITIMLABELS</trd:translatedFile><trd:defaultString>A report that lists all accounts that are non-compliant.</trd:defaultString></trd:description><trd:keywords><trd:term>account</trd:term><trd:term>active</trd:term><trd:term>dissallowed</trd:term><trd:term>inactive</trd:term><trd:term>noncompliant</trd:term></trd:keywords><trd:params/><trd:maxSavedSnapshots>-1</trd:maxSavedSnapshots><trd:maxDrillThroughLevels>-1</trd:maxDrillThroughLevels></report><report><trd:id>6</trd:id><trd:name>/itim/5/orphan_accounts.rptdesign</trd:name><trd:designRef>/itim/orphan_accounts.rptdesign</trd:designRef><trd:displayName><trd:propertyKey>ORPHANACCOUNTSREPORT</trd:propertyKey><trd:translatedFile>ITIMLABELS</trd:translatedFile><trd:defaultString>Orphan Accounts Report</trd:defaultString></trd:displayName><trd:description><trd:propertyKey>ORPHANACCOUNTSREPORTDESCRIPTION</trd:propertyKey><trd:translatedFile>ITIMLABELS</trd:translatedFile><trd:defaultString>A report that lists all accounts that do not have an owner.</trd:defaultString></trd:description><trd:keywords><trd:term>account</trd:term><trd:term>accounts</trd:term><trd:term>active</trd:term><trd:term>inactive</trd:term><trd:term>orphan</trd:term><trd:term>orphans</trd:term></trd:keywords><trd:params/><trd:maxSavedSnapshots>-1</trd:maxSavedSnapshots><trd:maxDrillThroughLevels>-1</trd:maxDrillThroughLevels></report><report><trd:id>7</trd:id><trd:name>/itim/5/services.rptdesign</trd:name><trd:designRef>/itim/services.rptdesign</trd:designRef><trd:displayName><trd:propertyKey>SERVICESREPORT</trd:propertyKey><trd:translatedFile>ITIMLABELS</trd:translatedFile><trd:defaultString>Services Report</trd:defaultString></trd:displayName><trd:description><trd:propertyKey>SERVICESREPORTDESCRIPTION</trd:propertyKey><trd:translatedFile>ITIMLABELS</trd:translatedFile><trd:defaultString>A report that lists services currently defined in the system.</trd:defaultString></trd:description><trd:keywords><trd:term>provisioning policy</trd:term><trd:term>service</trd:term><trd:term>service owner</trd:term><trd:term>service type</trd:term><trd:term>services</trd:term></trd:keywords><trd:params/><trd:maxSavedSnapshots>-1</trd:maxSavedSnapshots><trd:maxDrillThroughLevels>-1</trd:maxDrillThroughLevels></report><report><trd:id>8</trd:id><trd:name>/itim/5/summary_of_accounts_on_a_service.rptdesign</trd:name><trd:designRef>/itim/summary_of_accounts_on_a_service.rptdesign</trd:designRef><trd:displayName><trd:propertyKey>SUMMARYOFACCOUNTSONASERVICEREPORT</trd:propertyKey><trd:translatedFile>ITIMLABELS</trd:translatedFile><trd:defaultString>Summary of Accounts on a Service Report</trd:defaultString></trd:displayName><trd:description><trd:propertyKey>SUMMARYOFACCOUNTSONASERVICEREPORTDESCRIPTION</trd:propertyKey><trd:translatedFile>ITIMLABELS</trd:translatedFile><trd:defaultString>A report that lists the accounts on a particular service.</trd:defaultString></trd:description><trd:keywords><trd:term>account</trd:term><trd:term>accounts</trd:term><trd:term>owner</trd:term><trd:term>service</trd:term><trd:term>services</trd:term></trd:keywords><trd:params/><trd:maxSavedSnapshots>-1</trd:maxSavedSnapshots><trd:maxDrillThroughLevels>-1</trd:maxDrillThroughLevels></report><report><trd:id>9</trd:id><trd:name>/itim/5/suspended_accounts.rptdesign</trd:name><trd:designRef>/itim/suspended_accounts.rptdesign</trd:designRef><trd:displayName><trd:propertyKey>SUSPENDEDACCOUNTSREPORT</trd:propertyKey><trd:translatedFile>ITIMLABELS</trd:translatedFile><trd:defaultString>Suspended Accounts Report</trd:defaultString></trd:displayName><trd:description><trd:propertyKey>SUSPENDEDACCOUNTSREPORTDESCRIPTION</trd:propertyKey><trd:translatedFile>ITIMLABELS</trd:translatedFile><trd:defaultString>A report that lists the accounts that have been suspended.</trd:defaultString></trd:description><trd:keywords><trd:term>account</trd:term><trd:term>accounts</trd:term><trd:term>suspend</trd:term><trd:term>suspended</trd:term></trd:keywords><trd:params/><trd:maxSavedSnapshots>-1</trd:maxSavedSnapshots><trd:maxDrillThroughLevels>-1</trd:maxDrillThroughLevels></report><report><trd:id>10</trd:id><trd:name>/itim/5/separation_of_duty_def_master.rptdesign</trd:name><trd:designRef>/itim/separation_of_duty_def_master.rptdesign</trd:designRef><trd:displayName><trd:propertyKey>SODDEFINITIONREPORT</trd:propertyKey><trd:translatedFile>ITIMLABELS</trd:translatedFile><trd:defaultString>Separation of Duty Policy Definition Report</trd:defaultString></trd:displayName><trd:description><trd:propertyKey>SODDEFINITIONREPORTDESCRIPTION</trd:propertyKey><trd:translatedFile>ITIMLABELS</trd:translatedFile><trd:defaultString>A report that lists various separation of duty policies based on policy name and business unit.</trd:defaultString></trd:description><trd:keywords><trd:term>Separation of Duty Policy</trd:term><trd:term>definition</trd:term></trd:keywords><trd:params/><trd:maxSavedSnapshots>-1</trd:maxSavedSnapshots><trd:maxDrillThroughLevels>-1</trd:maxDrillThroughLevels></report><setMapping><reportSetId>2</reportSetId><childSetId>3</childSetId></setMapping><setMapping><reportSetId>3</reportSetId><childReportId>1</childReportId><childReportId>2</childReportId><childReportId>3</childReportId><childReportId>4</childReportId><childReportId>5</childReportId><childReportId>6</childReportId><childReportId>7</childReportId><childReportId>8</childReportId><childReportId>9</childReportId><childReportId>10</childReportId><childReportId>11</childReportId><childReportId>12</childReportId><childReportId>13</childReportId><childReportId>14</childReportId><childReportId>15</childReportId><childReportId>16</childReportId></setMapping></reportPackage>