<?xml version="1.0" encoding="utf-8"?>
<!-- 
 
  * IBM Confidential
  
  * OCO Source Materials
  *
  *
  * Copyright IBM Corp. 2009
  *
  * The source code for this program is not published or otherwise divested of
  * its trade secret, irrespective of what has been deposited with the
  * U.S. Copyright Office
  * 
  -->
<product>
	<name>ITIM PMP</name>
	<version>
		<major>7</major>
		<minor>2</minor>
		<modlevel>0</modlevel>
		<patch>00</patch>
		<build>1</build>
	</version>
	<dbmaxvarname>DBITIM_PMP</dbmaxvarname>
	<dbscripts>itim_pmp</dbscripts>
	<dbversion>V710-02</dbversion>
	<lastdbversion>V710-01</lastdbversion>
</product>
